Ranking,Modelo,Tipo,Accuracy,Precision,Recall,F1-Score,AUC-ROC
1,ResNet Transfer (DL),Deep Learning,0.8365384615384616,0.7987551867219918,0.9871794871794872,0.8830275229357798,0.9446088099934253
2,k-NN,ML Tradicional,0.79,0.7457627118644068,0.88,0.8073394495412844,0.8725999999999999
3,SimpleCNN (DL),Deep Learning,0.6971153846153846,0.6785079928952042,0.9794871794871794,0.8016789087093389,0.8488494411571335
4,Random Forest,ML Tradicional,0.73,0.676923076923077,0.88,0.7652173913043478,0.8625999999999999
5,Naive Bayes,ML Tradicional,0.7,0.6428571428571429,0.9,0.75,0.7674
6,SVM,ML Tradicional,0.66,0.6025641025641025,0.94,0.734375,0.8864
7,Logistic Regression,ML Tradicional,0.64,0.5875,0.94,0.7230769230769231,0.8772
8,Gradient Boosting,ML Tradicional,0.59,0.5542168674698795,0.92,0.6917293233082706,0.704
